ID,SMI,Natoms,atoms,coords,S1_ADC2,T1_ADC2
1,'C',5,[C,H,H,H,H],[[0.00000100,0.00000600,-0.00000000],[0.98523300,0.46299000,-0.02803500],[-0.05618000,-0.68294300,0.84630500],[-0.16812500,-0.55191100,-0.92353600],[-0.76093700,0.77182500,0.10526900]],25,32
2,'C',5,[C,H,H,H,H],[[0.00000100,0.00000600,-0.00000000],[0.98523300,0.46299000,-0.02803500],[-0.05618000,-0.68294300,0.84630500],[-0.16812500,-0.55191100,-0.92353600],[-0.76093700,0.77182500,0.10526900]],25,32
